time,round,nbMessages
11,11,366
9,9,334
10,10,306
8,9,316
11,10,363
8,11,314
10,9,324
11,10,319
11,11,319
10,10,364
9,11,366
9,11,370
8,9,346
9,11,338
8,10,344
10,10,295
9,9,336
8,10,387
12,11,318
9,10,307
8,9,356
10,10,346
8,10,339
8,10,324
10,10,316
10,11,295
10,10,344
8,10,374
11,10,365
11,12,351
10,10,384
8,10,306
9,11,311
10,10,311
8,10,331
8,10,309
10,10,275
8,10,310
8,9,316
8,10,337
11,11,327
10,10,331
9,9,276
10,10,319
8,11,300
9,10,382
9,10,317
11,10,327
8,9,336
9,10,386
9,9,328
18,21,1355
19,20,1202
13,19,1260
14,19,1394
16,19,1335
14,19,1189
18,20,1226
13,19,1255
16,19,1404
16,20,1439
17,19,1297
16,20,1246
20,20,1565
20,20,1310
18,19,1277
16,19,1297
18,20,1408
19,19,1160
18,20,1436
15,19,1171
14,19,1319
16,19,1129
20,19,1255
21,20,1267
18,20,1445
16,19,1253
17,20,1166
12,19,1151
16,20,1379
15,19,1224
20,19,1341
15,19,1158
18,19,1204
17,19,1202
16,19,1441
17,19,1182
19,19,1255
14,19,1273
15,19,1235
17,19,1213
15,19,1220
17,20,1255
17,20,1332
18,19,1171
20,20,1365
19,19,1483
15,19,1224
26,19,1321
16,19,1275
12,19,1231
18,19,1277
24,29,2824
27,29,2688
23,29,2874
21,29,2634
24,29,2792
24,30,3209
24,30,3725
24,29,2814
22,29,3034
20,29,2464
24,29,2658
30,29,2702
25,29,2652
23,29,2714
24,29,2640
24,29,2576
26,29,2876
22,29,2844
19,29,2796
39,29,3710
34,30,2888
36,29,3112
30,29,2814
22,29,3048
31,29,3020
33,29,3622
22,29,2938
23,29,2844
31,29,2800
21,29,2810
26,29,3404
33,29,3012
22,29,2558
22,29,2716
30,29,2920
40,29,2926
26,29,2978
22,29,2732
25,29,3124
25,29,2652
25,29,2770
29,29,2608
25,29,2858
26,30,3245
28,29,2864
32,29,2668
40,29,2966
45,29,2976
21,29,2610
25,29,2958
27,29,2494
31,39,5058
37,39,4926
37,39,5050
61,39,5052
51,39,5389
30,39,4678
33,39,4762
62,39,4659
29,39,4718
33,39,4987
30,39,4327
31,39,4554
38,39,5535
31,39,4674
30,39,4909
33,39,4859
30,39,5225
31,39,5807
34,39,4737
46,39,5052
37,39,5388
33,39,4890
45,39,5765
82,39,5033
48,39,5031
35,39,4762
29,39,4634
39,39,4926
39,39,5498
38,39,5117
37,39,5309
32,39,4720
33,39,5573
28,39,4823
34,39,6005
39,39,5386
34,39,4787
31,39,5290
37,39,5115
48,39,5458
34,39,4991
70,39,5176
44,39,5147
79,39,5138
38,39,4951
39,39,4825
63,39,5218
40,39,5407
36,39,5216
35,39,4367
34,39,4806
84,49,7456
55,49,7012
39,49,6806
45,49,7580
37,49,6964
47,49,9084
49,49,8334
48,49,7866
53,49,7946
37,49,7578
41,49,7762
48,49,8200
42,49,7918
50,49,7938
60,49,8124
60,49,8332
46,49,9154
38,49,7298
46,49,7866
33,49,7614
43,49,7576
36,49,7320
43,49,7734
52,49,8906
58,49,9242
51,49,7504
35,49,7660
40,49,8022
49,49,8460
46,49,7528
55,49,7140
79,49,9544
70,49,8074
54,49,7634
75,49,8376
35,49,7014
44,49,8050
33,49,8330
55,49,8124
40,49,7738
54,49,7640
53,49,8098
44,49,7606
41,49,7426
35,49,7292
36,49,7400
40,49,7970
58,49,7460
61,49,8284
41,49,8064
34,49,8366
37,59,10986
61,59,11763
37,59,10713
66,59,9698
48,59,11358
55,59,10277
64,59,10705
64,59,11366
59,59,10496
38,59,11191
60,59,11968
67,59,12075
38,59,10837
69,59,11701
39,59,11019
40,59,13040
37,59,10682
34,59,12190
35,59,10126
41,59,12827
43,59,10899
49,59,10895
44,59,12009
53,59,10744
46,59,11395
70,59,11960
68,59,12746
43,59,12016
34,59,10035
46,59,13139
43,59,10895
69,59,11172
56,59,11666
48,59,10585
46,59,11083
43,59,11358
55,59,11294
52,59,11455
45,59,11544
44,59,12308
46,59,12655
44,59,10713
43,59,11389
62,59,14471
38,59,9948
45,59,10715
39,59,11267
48,59,11143
45,59,10825
38,59,12769
45,59,12041
76,69,14100
101,69,16452
63,69,14810
53,69,16746
54,69,14454
73,69,17430
59,69,15562
101,69,16428
52,69,14778
65,69,15314
58,69,14954
45,69,13880
47,69,14270
51,69,14346
52,69,17012
83,69,15820
54,69,15090
86,69,14446
63,69,16556
63,69,14204
91,69,15348
63,69,15060
86,69,15024
86,69,14488
83,69,16250
70,69,14382
63,69,15356
72,69,14496
69,69,14848
40,69,14632
41,69,14306
37,69,13560
62,69,16034
63,69,14598
73,69,15460
48,69,14956
54,69,14600
46,69,13950
44,69,14704
64,69,14960
50,69,15962
56,69,18486
55,69,15964
62,69,15138
47,69,15788
59,69,15020
52,69,16100
41,69,13702
42,69,13986
44,69,15180
42,69,13880
63,79,18390
91,79,26304
71,79,18675
68,79,19200
61,79,21093
73,79,19815
50,79,20334
70,79,20475
65,79,19575
98,79,21410
72,79,21698
59,79,20229
43,79,18552
81,79,19169
79,79,21239
66,79,21666
59,79,22063
54,79,20833
62,79,18189
63,79,18552
75,79,18351
122,79,20914
80,79,19253
79,79,18798
110,79,23453
99,79,21821
85,79,19411
100,79,19817
93,79,19698
174,79,21973
142,79,21416
92,79,19161
69,79,19044
69,79,20674
50,79,19376
67,79,20744
42,79,17949
62,79,20272
47,79,18468
78,79,19940
76,79,24672
59,79,20227
53,79,21364
59,79,20227
82,79,20471
47,79,18509
61,79,18187
62,79,21506
63,79,18921
68,79,19778
69,79,19247
87,89,27244
94,89,25628
147,89,26652
77,89,24638
153,89,25724
114,89,26326
118,89,26598
93,89,24032
85,89,23530
108,89,30082
87,89,26294
121,89,26632
94,89,24810
111,89,23718
105,89,25862
55,89,22796
102,89,24034
114,89,24898
87,89,23388
76,89,24034
138,89,28764
90,89,26740
110,89,23342
94,89,28428
102,89,29534
87,89,23844
95,89,22468
70,89,23436
76,89,25818
94,89,29566
60,89,23390
73,89,25452
54,89,23938
72,89,24078
70,89,23570
138,89,26280
100,89,23848
116,89,28470
113,89,25778
91,89,23198
144,89,28260
123,89,24174
57,89,24576
64,89,24078
53,89,24126
79,89,22290
70,89,23074
78,89,23622
166,89,25500
185,89,28752
78,89,24630
147,99,35248
106,99,30414
102,99,33175
119,99,31122
72,99,28782
91,99,30259
68,99,28839
95,99,34245
85,99,28688
119,99,30565
99,99,31889
99,99,31671
102,99,35040
101,99,29747
92,99,30775
124,99,36058
103,99,30414
184,99,34075
173,99,31279
74,99,27874
172,99,33319
88,99,30259
72,99,29039
88,99,31432
59,99,27572
72,99,30261
55,99,27317
128,99,33007
84,99,29494
57,99,30429
49,99,29668
52,99,28888
86,99,30977
76,99,29898
65,99,33718
48,99,27717
75,99,30412
66,99,29243
71,99,31071
86,99,33008
68,99,31567
88,99,30971
68,99,32556
59,99,29043
59,99,27923
57,99,28231
111,99,37068
60,99,32633
79,99,31381
85,99,31077
58,99,30259
121,109,41682
144,109,43558
80,109,35858
96,109,41698
89,109,37256
115,109,37930
89,109,42524
88,109,40528
78,109,35018
128,109,39710
94,109,37420
103,109,37292
101,109,43322
107,109,41614
90,109,38264
88,109,34694
100,109,39186
190,109,39552
74,109,37038
97,109,34516
76,109,36026
70,109,36194
88,109,40380
84,109,40604
118,109,39160
123,109,37366
88,109,37932
127,109,38102
247,109,46474
88,109,36472
112,109,37202
74,109,37244
75,109,37404
120,109,37594
58,109,35018
59,109,34968
77,109,35244
84,109,42588
93,109,35572
140,109,41330
140,109,39832
97,109,40302
100,109,36140
65,109,35858
80,109,36810
63,109,35024
143,109,40164
79,109,36306
112,109,36694
58,109,34916
201,109,40586
128,119,48547
132,119,52687
81,119,40406
129,119,45520
84,119,41382
99,119,45132
115,119,44184
79,119,44058
165,119,47047
232,119,48316
74,119,40886
207,119,46372
67,119,40410
132,119,48225
114,119,42844
104,119,43816
115,119,49460
116,119,46071
103,119,45825
80,119,42598
92,119,42905
208,119,51450
185,119,45817
88,119,44758
194,119,51593
97,119,41622
121,119,45276
131,119,44121
134,119,43981
225,119,46677
92,119,43745
107,119,43690
155,119,44121
103,119,44855
84,119,42114
95,119,45718
76,119,41620
100,119,44058
196,119,49734
99,119,41382
115,119,42415
103,119,43818
96,119,42720
88,119,42295
92,119,42596
81,119,43304
108,119,44119
139,119,45459
107,119,44729
148,119,52134
80,119,41140
128,129,53522
169,129,53410
165,129,54264
163,129,54664
116,129,50708
67,129,45506
124,129,51038
155,129,53010
121,129,51694
122,129,51428
102,129,53090
101,129,57006
82,129,48928
109,129,50242
101,129,50636
183,129,56256
262,129,57626
91,129,49982
162,129,61410
116,129,51306
131,129,55320
132,129,53410
110,129,49648
124,129,50116
128,129,52816
88,129,51304
82,129,45442
98,129,50504
97,129,51848
113,129,51964
97,129,49322
134,129,57166
136,129,60456
114,129,61066
94,129,49522
110,129,59362
108,129,49850
106,129,53736
104,129,48728
123,129,53870
131,129,53546
122,129,51232
114,129,46566
147,129,59788
102,129,51300
107,129,52018
149,129,61430
118,129,54660
153,129,55388
119,129,52670
140,129,55102
148,139,64858
214,139,69467
200,139,60368
182,139,58035
132,139,56193
176,139,75916
159,139,61628
229,139,61573
205,139,59017
451,139,64338
406,139,64637
191,139,58313
294,139,65743
300,139,70464
193,139,61072
224,139,60435
119,139,64678
138,139,66029
121,139,59021
127,139,58950
238,139,66489
134,139,57962
250,139,62427
124,139,59660
87,139,52649
314,139,74065
204,139,60997
168,139,60001
266,139,63703
144,139,59234
199,139,61782
109,139,56467
239,139,65191
210,139,62103
130,139,56893
98,139,54773
135,139,66855
166,139,66879
200,139,60863
148,139,63142
87,139,57037
95,139,56039
237,139,61938
103,139,57461
106,139,57599
214,139,64568
125,139,59374
114,139,56682
131,139,57240
237,139,70892
109,139,56116
153,149,66820
167,149,68110
354,149,69330
552,149,71074
256,149,74288
366,149,77078
244,149,70820
191,149,73384
341,149,70994
277,149,68952
258,149,67874
379,149,70844
462,149,73856
190,149,68334
340,149,71676
266,149,68186
128,149,62886
406,149,71760
111,149,66142
147,149,62656
131,149,67128
120,149,66448
205,149,75376
151,149,69708
331,149,73128
132,149,67206
260,149,70316
346,149,75498
101,149,66296
151,149,68950
119,149,68948
247,149,71452
285,149,71454
180,149,69706
157,149,65450
188,149,82106
121,149,64852
103,149,64398
562,149,84608
149,149,67052
150,149,65770
249,149,69320
136,149,69756
190,149,69474
156,149,68188
111,149,68662
484,149,73734
117,149,64920
236,149,78410
175,149,69630
282,149,71602
162,159,74461
126,159,70990
322,159,89265
166,159,74058
142,159,70903
142,159,73088
258,159,77537
117,159,74299
135,159,74945
229,159,73894
180,159,83510
141,159,74299
260,159,83351
271,159,94091
336,159,77136
295,159,77215
151,159,73813
336,159,86622
191,159,89049
315,159,86140
289,159,78096
398,159,79801
258,159,79639
208,159,77448
377,159,91174
287,159,78507
299,159,88348
133,159,76754
209,159,73246
246,159,83795
105,159,71638
119,159,73813
158,159,73985
316,159,97704
334,159,91746
223,159,75589
220,159,87850
239,159,79647
241,159,79149
463,159,100793
225,159,78507
375,159,80933
229,159,79939
173,159,79635
239,159,79396
179,159,78258
196,159,88498
313,159,79313
200,159,74862
296,159,78098
251,159,78910
219,169,91000
206,169,80004
527,169,107028
237,169,87572
203,169,87140
346,169,104014
363,169,99086
278,169,90914
306,169,90484
290,169,86878
178,169,82336
244,169,92616
431,169,98062
381,169,92634
387,169,107050
223,169,84046
210,169,97670
264,169,89774
493,169,98590
137,169,79924
279,169,89022
294,169,84644
253,169,86020
269,169,93008
404,169,91002
222,169,81984
312,169,93412
378,169,98506
252,169,83872
232,169,85762
252,169,91772
164,169,84472
229,169,86790
191,169,84128
165,169,86102
175,169,94752
145,169,83958
142,169,84902
165,169,83702
160,169,84982
180,169,93756
170,169,92210
140,169,85330
228,169,86532
143,169,78388
149,169,87820
217,169,90054
177,169,98580
153,169,85330
168,169,87656
197,169,94766
157,179,92114
159,179,92850
235,179,126915
260,179,106211
157,179,90577
258,179,97934
198,179,98209
310,179,99570
148,179,92565
192,179,101758
161,179,98387
167,179,99787
186,179,119696
276,179,118259
234,179,98749
227,179,104021
140,179,92848
181,179,104300
136,179,90666
177,179,110776
181,179,115206
146,179,101241
164,179,105399
160,179,92573
177,179,101301
154,179,97473
163,179,101126
164,179,104370
219,179,101473
253,179,94209
277,179,98114
170,179,103783
180,179,115790
206,179,121127
159,179,98023
140,179,96804
182,179,104660
204,179,100749
171,179,100294
165,179,112941
187,179,104569
194,179,120771
188,179,103615
163,179,96292
158,179,101113
196,179,97576
164,179,97388
183,179,103295
181,179,107516
179,179,100598
205,179,110007
241,189,112622
254,189,121166
182,189,108306
223,189,112238
181,189,103902
312,189,114350
284,189,110224
166,189,100350
238,189,102556
234,189,115694
205,189,106572
239,189,108978
202,189,106290
269,189,117706
194,189,108300
199,189,108112
175,189,111770
277,189,110126
204,189,105048
224,189,116350
238,189,107056
232,189,127976
244,189,126540
250,189,115626
179,189,109552
171,189,108210
189,189,120868
206,189,117994
239,189,119052
227,189,117232
156,189,102170
218,189,110322
201,189,109364
229,189,129596
216,189,118272
182,189,105906
203,189,106962
179,189,122462
209,189,116556
165,189,107620
190,189,107344
207,189,112140
208,189,106484
178,189,109364
191,189,115946
211,189,114926
203,189,124700
189,189,129474
196,189,119042
189,189,111760
175,189,122066
197,199,117788
183,199,116172
196,199,121820
212,199,123941
207,199,120006
185,199,118899
225,199,131535
253,199,126460
270,199,120812
176,199,120713
191,199,131091
168,199,118588
244,199,134777
272,199,132492
206,199,108114
225,199,125250
267,199,125856
257,199,134443
181,199,121113
249,199,129634
224,199,120404
264,199,118190
238,199,115768
269,199,120418
213,199,117083
257,199,122828
234,199,129092
264,199,133998
255,199,121319
174,199,115564
229,199,125456
379,199,123776
198,199,121517
184,199,125586
295,199,125252
235,199,131638
278,199,124042
191,199,123137
264,199,130199
244,199,117085
211,199,131914
210,199,122628
200,199,120105
228,199,125553
250,199,126767
251,199,129995
213,199,126267
195,199,144761
256,199,135474
223,199,141535
178,199,122731
281,209,130402
235,209,136214
237,209,127746
351,209,133042
184,209,135272
228,209,133576
367,209,147330
211,209,148066
169,209,127236
231,209,142368
225,209,144602
250,209,124686
273,209,135054
254,209,141742
201,209,129548
242,209,156304
236,209,142976
259,209,133366
256,209,135690
268,209,142966
226,209,140354
299,209,137182
213,209,128380
187,209,129444
199,209,131884
265,209,134640
251,209,136752
186,209,131782
200,209,136878
204,209,135590
172,209,120448
221,209,128284
211,209,139512
178,209,122992
267,209,146044
248,209,127854
326,209,157122
274,209,139402
222,209,171596
250,209,160120
183,209,130080
242,209,165856
233,209,138662
219,209,122254
232,209,128494
244,209,141520
253,209,139876
267,209,158400
331,209,132306
290,209,135594
235,209,130818
213,219,144195
249,219,158952
220,219,147537
296,219,154526
207,219,146314
223,219,142098
227,219,153192
209,219,163785
243,219,138774
296,219,144762
217,219,135668
230,219,154304
270,219,143878
247,219,145870
276,219,191159
226,219,144203
217,219,151083
195,219,141101
216,219,141549
351,219,165728
301,219,202902
211,219,141105
280,219,153305
215,219,150306
255,219,174647
368,219,150308
220,219,151414
255,219,155521
267,219,157634
249,219,144209
251,219,148536
269,219,150641
246,219,148758
212,219,138219
236,219,143507
237,219,149866
272,219,167242
221,219,155853
267,219,148752
252,219,148536
218,219,142764
289,219,170516
254,219,152530
313,219,145317
300,219,164257
218,219,156991
209,219,148320
209,219,143761
193,219,140992
216,219,144647
329,219,150637
242,229,160564
255,229,166590
218,229,182744
245,229,186470
367,229,172732
348,229,172384
301,229,154764
321,229,158590
319,229,167632
404,229,175512
351,229,166470
283,229,174424
297,229,159282
210,229,156268
279,229,170388
395,229,166468
310,229,195340
244,229,159630
203,229,143410
238,229,177472
295,229,187408
241,229,176642
257,229,164268
218,229,154184
270,229,171574
271,229,173082
235,229,157746
227,229,160992
283,229,153146
324,229,163922
255,229,162530
255,229,161950
222,229,162876
230,229,176416
242,229,196644
241,229,159170
448,229,194332
228,229,156732
285,229,172854
320,229,174030
242,229,169928
269,229,155360
229,229,158826
240,229,157082
262,229,168212
228,229,159282
234,229,161138
191,229,156500
223,229,162648
255,229,161024
286,229,164622
330,239,199312
243,239,179213
263,239,184654
229,239,171114
268,239,203074
301,239,197850
348,239,185624
270,239,175944
297,239,182238
265,239,168823
232,239,173653
276,239,202939
306,239,199805
343,239,186200
247,239,168573
264,239,198633
261,239,195779
227,239,172328
364,239,169908
349,239,162773
222,239,169781
243,239,172201
287,239,182964
256,239,178487
250,239,176069
272,239,197090
275,239,175829
362,239,190341
236,239,172320
284,239,184269
371,239,193673
294,239,179221
272,239,176434
290,239,179695
298,239,171362
460,239,181393
244,239,158554
251,239,181633
257,239,177523
315,239,186337
411,239,184412
344,239,178179
297,239,219000
235,239,171358
260,239,178243
229,239,165435
280,239,177035
239,239,164701
241,239,171717
223,239,178612
241,239,158661
276,249,194284
246,249,188894
253,249,189526
272,249,235930
308,249,198840
259,249,188512
372,249,185238
305,249,226352
264,249,185992
227,249,199860
333,249,196804
248,249,182212
400,249,209422
340,249,191788
408,249,219658
279,249,189896
230,249,180840
260,249,179576
253,249,184104
327,249,200602
383,249,198140
325,249,184736
280,249,212364
315,249,208954
366,249,209008
236,249,193996
334,249,200602
210,249,173280
305,249,194180
251,249,181342
259,249,190022
254,249,197334
273,249,219538
236,249,183478
294,249,193420
265,249,183218
310,249,199342
223,249,184740
253,249,192738
367,249,204254
278,249,188512
303,249,197200
284,249,193804
236,249,200936
263,249,207122
448,249,264250
225,249,173786
233,249,182722
244,249,185618
263,249,203602
272,249,188476
315,259,202671
332,259,204513
388,259,234328
298,259,205025
339,259,207782
322,259,202939
312,259,210789
436,259,202018
503,259,215638
443,259,210529
375,259,197828
382,259,208828
352,259,222745
356,259,213014
335,259,192858
341,259,207516
412,259,214463
383,259,221092
326,259,216957
337,259,209483
279,259,196389
311,259,211493
323,259,195468
306,259,196909
324,259,205027
391,259,202812
352,259,245915
456,259,225246
326,259,201490
416,259,213413
290,259,207474
396,259,214592
297,259,195863
328,259,220173
286,259,200053
363,259,211444
328,259,205168
336,259,207258
318,259,208008
339,259,208433
419,259,202544
372,259,240953
386,259,218123
316,259,202544
285,259,192334
312,259,206470
376,259,218897
335,259,206994
333,259,210795
420,259,204372
374,259,206861
373,269,212992
317,269,219658
365,269,238452
319,269,214214
316,269,231678
431,269,261452
425,269,227946
423,269,239500
377,269,228492
401,269,231888
516,269,235834
429,269,229854
417,269,211646
408,269,214080
405,269,229562
437,269,230262
380,269,245214
334,269,215284
338,269,234532
433,269,228360
447,269,225770
419,269,240296
436,269,255656
369,269,254662
381,269,228902
294,269,212592
524,269,242428
484,269,245148
391,269,228896
304,269,212718
439,269,214080
413,269,223184
341,269,214896
430,269,263722
343,269,221418
374,269,232816
403,269,228066
387,269,243158
459,269,269888
320,269,221012
469,269,232406
390,269,209188
813,269,229716
742,269,217754
374,269,216114
295,269,209190
428,269,229444
327,269,251184
322,269,222106
377,269,224954
325,269,253542
294,279,213935
339,279,225475
376,279,223932
484,279,263127
355,279,226180
570,279,254008
578,279,272909
503,279,237184
546,279,240983
620,279,256910
596,279,244649
475,279,251552
583,279,279665
437,279,228873
326,279,226470
523,279,238584
429,279,229288
381,279,260094
527,279,244083
338,279,234225
297,279,229141
740,279,245356
629,279,247048
325,279,242530
447,279,286530
410,279,240407
399,279,268864
489,279,250569
341,279,240202
318,279,234358
430,279,252543
315,279,230847
357,279,261347
428,279,231826
400,279,277004
332,279,230138
358,279,236900
485,279,236618
434,279,242953
798,279,268406
350,279,243739
356,279,248942
344,279,232672
433,279,263637
450,279,241966
453,279,251695
611,279,227874
468,279,254219
409,279,242252
650,279,269569
332,279,258011
389,289,255656
340,289,248074
448,289,300328
528,289,253440
407,289,251284
437,289,286306
376,289,247050
319,289,238154
447,289,303264
485,289,261940
475,289,267776
492,289,267486
362,289,252600
357,289,240630
528,289,274490
371,289,264708
468,289,263832
363,289,244864
499,289,269528
439,289,267918
383,289,251132
544,289,276386
332,289,247052
336,289,249970
488,289,275514
366,289,263906
432,289,263104
486,289,271714
327,289,242240
353,289,247342
518,289,263396
423,289,257854
424,289,266900
383,289,256388
397,289,249966
414,289,254638
385,289,260998
315,289,233778
393,289,253762
403,289,256388
581,289,299198
417,289,261644
527,289,301420
457,289,261204
352,289,286060
436,289,263982
359,289,253912
465,289,264826
302,289,247048
455,289,266174
380,289,261734
529,299,288960
569,299,288573
471,299,317915
421,299,299416
526,299,313367
464,299,280419
372,299,271206
516,299,295582
398,299,269400
442,299,289953
451,299,283586
358,299,260644
495,299,286457
392,299,278265
530,299,311341
361,299,262305
420,299,307343
497,299,310012
569,299,297754
424,299,315922
443,299,270155
409,299,268945
447,299,292528
411,299,272571
538,299,285551
329,299,260352
404,299,275438
497,299,287814
552,299,303267
349,299,258989
517,299,303763
527,299,287665
506,299,309567
418,299,273775
388,299,267743
439,299,284744
414,299,264113
433,299,273324
463,299,280417
588,299,267733
726,299,285700
771,299,323137
525,299,263066
697,299,300547
491,299,251600
447,299,277490
422,299,259595
806,299,337887
518,299,276797
425,299,278303
349,299,254461
462,309,349454
484,309,302024
356,309,300234
515,309,305930
361,309,277542
551,309,310450
513,309,311076
461,309,302880
446,309,299222
466,309,295786
798,309,316534
740,309,311076
494,309,304208
468,309,335314
524,309,307956
448,309,300156
442,309,325210
345,309,278336
507,309,336692
366,309,280202
483,309,300308
426,309,327432
918,309,279728
605,309,297816
664,309,288614
463,309,287834
463,309,302964
435,309,286426
518,309,290942
455,309,294850
428,309,300082
541,309,345454
565,309,306394
606,309,378972
381,309,274424
458,309,331416
477,309,348374
436,309,312182
490,309,303896
551,309,347828
488,309,323066
360,309,299602
405,309,286894
377,309,291076
483,309,295008
398,309,278168
422,309,284722
451,309,318240
453,309,326088
485,309,294696
471,309,302808
387,319,297387
392,319,296093
397,319,296101
393,319,293692
499,319,354958
449,319,312336
479,319,317828
449,319,313159
469,319,298995
399,319,316746
524,319,325232
465,319,303654
518,319,348302
351,319,282752
478,319,381476
457,319,307842
517,319,308486
479,319,314930
398,319,301249
466,319,311227
494,319,349182
498,319,307039
615,319,329094
604,319,314608
495,319,311382
507,319,325393
389,319,291921
412,319,296576
604,319,350693
385,319,296103
604,319,313642
466,319,306397
392,319,299160
563,319,315576
394,319,295934
508,319,320887
499,319,328448
448,319,303183
525,319,317502
434,319,309460
507,319,317275
465,319,310418
437,319,302537
577,319,335975
456,319,311390
470,319,310581
380,319,298355
470,319,353628
396,319,299474
447,319,334428
465,319,324840
497,329,350604
558,329,446110
413,329,319896
606,329,354254
593,329,342968
874,329,327862
1315,329,374732
1057,329,332342
1048,329,332324
669,329,315250
947,329,339148
448,329,318738
1304,329,332678
1320,329,384704
1296,329,319232
898,329,379772
463,329,329838
893,329,353922
593,329,338152
430,329,319896
447,329,317078
616,329,337604
404,329,312434
413,329,321394
470,329,326038
519,329,340972
521,329,413354
416,329,314918
444,329,320394
515,329,336492
598,329,341304
545,329,345952
620,329,373400
1080,329,337656
1034,329,336824
1218,329,385386
990,329,330522
1041,329,334836
1166,329,350604
959,329,339734
1041,329,372464
1085,329,341802
898,329,327534
599,329,340974
528,329,329854
619,329,349110
472,329,331846
588,329,353090
497,329,348508
395,329,316418
523,329,338986
583,339,360820
542,339,374020
766,339,343384
619,339,333806
733,339,347492
815,339,357316
1096,339,360991
559,339,352099
939,339,397176
685,339,357107
493,339,342183
539,339,347999
649,339,394786
742,339,358430
928,339,491792
552,339,320653
747,339,348679
738,339,361166
534,339,340129
536,339,365264
471,339,336033
551,339,356374
659,339,338093
750,339,358597
585,339,375305
590,339,374844
437,339,337244
732,339,355869
473,339,347480
443,339,325779
495,339,334490
1056,339,376208
707,339,350564
531,339,356644
437,339,319796
585,339,349540
769,339,366290
1075,339,364584
716,339,336892
1414,339,427743
1038,339,355010
1106,339,365950
1174,339,348852
590,339,340314
760,339,323733
783,339,342195
635,339,347657
1187,339,460107
1100,339,357227
969,339,374672
988,339,346458
1057,349,363282
1161,349,392582
1128,349,379644
684,349,357476
527,349,360466
492,349,366976
486,349,386584
449,349,360120
530,349,350794
592,349,348860
1156,349,400760
829,349,398298
725,349,372956
555,349,367146
506,349,370844
668,349,438344
546,349,394798
651,349,386682
508,349,359234
723,349,401288
720,349,424686
571,349,408194
676,349,444486
528,349,370850
639,349,518616
668,349,393524
795,349,431414
517,349,394356
579,349,377710
547,349,359940
551,349,366972
658,349,371550
613,349,382108
805,349,353432
686,349,439724
425,349,347450
514,349,366794
478,349,361696
519,349,363772
631,349,387030
637,349,395836
695,349,406312
465,349,338838
526,349,356584
666,349,390028
539,349,433336
525,349,404388
597,349,379640
709,349,393722
699,349,368554
1163,349,384220
1009,359,388800
758,359,386998
586,359,386085
792,359,389158
777,359,381031
724,359,465570
524,359,384094
1152,359,419581
666,359,412817
850,359,486635
559,359,381019
788,359,412149
754,359,456421
597,359,392965
670,359,400923
639,359,395316
1142,359,401289
1053,359,474801
590,359,384096
778,359,413050
757,359,416312
682,359,437677
762,359,472329
576,359,392959
638,359,414589
699,359,456234
680,359,400205
558,359,382103
683,359,409613
531,359,383551
793,359,421378
583,359,401293
536,359,402673
599,359,402556
674,359,411421
511,359,376498
595,359,413163
689,359,409617
717,359,417758
612,359,404002
579,359,396581
454,359,364741
655,359,403286
609,359,408346
638,359,439976
585,359,400923
533,359,389888
567,359,418664
774,359,475135
529,359,380291
529,359,422009
892,369,441202
875,369,460730
503,369,380786
602,369,411074
580,369,409414
760,369,465604
734,369,485886
570,369,401958
609,369,425204
609,369,420002
622,369,411818
547,369,404752
562,369,410884
553,369,406610
807,369,450500
658,369,457966
689,369,428926
602,369,408278
656,369,422044
633,369,415532
821,369,447152
623,369,418326
570,369,433442
555,369,403078
565,369,415720
621,369,415906
651,369,419632
710,369,436364
904,369,473860
577,369,409766
572,369,395824
520,369,389516
684,369,427252
801,369,442690
710,369,476656
657,369,413304
659,369,421860
673,369,430230
767,369,438784
600,369,414976
678,369,491612
573,369,398986
707,369,424276
617,369,419444
747,369,464826
715,369,479004
750,369,436552
757,369,435068
807,369,446036
523,369,402708
630,369,416224
617,379,431672
829,379,464138
690,379,441606
657,379,433584
702,379,445422
684,379,443134
750,379,450388
655,379,437786
828,379,462230
687,379,446950
629,379,436803
566,379,417542
790,379,456116
740,379,450770
712,379,451152
551,379,408388
592,379,420598
736,379,444469
577,379,415250
701,379,467633
606,379,481800
722,379,436833
710,379,442750
654,379,435878
647,379,516529
689,379,440267
628,379,473846
835,379,461464
745,379,443701
697,379,446757
688,379,444085
720,379,474867
867,379,492286
758,379,445999
701,379,426133
723,379,446377
615,379,425556
892,379,456882
659,379,428238
703,379,446377
789,379,520127
859,379,423841
1311,379,446757
780,379,455592
1029,379,430910
1186,379,448289
1398,379,440645
669,379,426336
697,379,437975
586,379,469039
764,379,459751
985,389,499490
946,389,444558
983,389,541638
842,389,465314
1043,389,585960
1294,389,464726
1141,389,458652
1109,389,458064
781,389,466100
825,389,510668
1130,389,468844
2274,389,491380
1037,389,439454
855,389,462178
927,389,458846
1076,389,488636
915,389,448264
923,389,523242
924,389,458650
835,389,432010
971,389,444738
870,389,463552
809,389,489238
783,389,472958
556,389,441212
899,389,447092
805,389,441410
1035,389,496410
1027,389,536186
1046,389,487932
747,389,534168
928,389,457080
741,389,466884
1104,389,481974
924,389,497070
639,389,450814
777,389,484912
724,389,445134
1359,389,496602
631,389,457084
729,389,452184
850,389,476094
875,389,446680
1155,389,494320
1304,389,480404
1414,389,505584
1223,389,466846
1499,389,494812
1053,389,449054
1298,389,539334
920,389,475308
978,399,470121
1065,399,549521
816,399,478390
1159,399,486229
837,399,485439
1378,399,568391
1180,399,493061
1224,399,580797
1197,399,562633
795,399,516135
1035,399,456083
1230,399,514568
859,399,486832
1272,399,494671
1023,399,475172
1060,399,490458
977,399,492056
793,399,503714
634,399,464732
781,399,471757
1082,399,489232
830,399,473578
688,399,489379
748,399,492460
585,399,447864
689,399,481204
847,399,503312
813,399,484422
1155,399,497487
694,399,478995
721,399,503238
709,399,551051
881,399,513764
654,399,479198
847,399,476583
764,399,522639
758,399,487837
831,399,526143
1013,399,502512
639,399,486157
824,399,586098
687,399,476788
745,399,482814
601,399,463727
733,399,486830
662,399,469552
839,399,497487
779,399,528030
1092,399,535271
836,399,534725
806,399,501706
898,409,523454
825,409,519548
802,409,540412
741,409,507592
782,409,509034
928,409,605110
808,409,515218
786,409,507806
868,409,537836
813,409,509242
1002,409,569458
793,409,497512
804,409,560920
968,409,609778
766,409,501010
799,409,495034
782,409,547910
1285,409,512752
1191,409,506154
813,409,516864
777,409,509242
783,409,511922
912,409,525308
594,409,492560
1115,409,604582
1495,409,520570
1144,409,529634
894,409,513570
781,409,579874
929,409,614530
1619,409,576886
1281,409,549040
1343,409,529844
677,409,499154
895,409,507800
730,409,510892
1086,409,511306
1309,409,634088
2067,409,553688
1139,409,504504
1061,409,641136
970,409,528810
1001,409,521808
1713,409,522220
878,409,506360
987,409,590648
970,409,512904
965,409,592926
897,409,504302
939,409,520318
1013,409,526544
1151,419,557259
1342,419,521393
1275,419,564011
1087,419,527932
1310,419,541860
1563,419,536161
1468,419,531943
1135,419,525613
870,419,508745
1086,419,554727
1161,419,527297
949,419,530044
925,419,517388
1006,419,528145
989,419,540803
970,419,533842
902,419,510425
1028,419,541169
920,419,529831
1120,419,557147
938,419,530466
1049,419,604464
1279,419,728078
1068,419,547131
1222,419,542073
1168,419,563035
1146,419,539328
967,419,545658
930,419,526670
926,419,498617
879,419,528085
917,419,519492
910,419,516962
1363,419,542073
1126,419,557892
999,419,541231
1147,419,587698
1129,419,598447
1076,419,602382
1131,419,569075
1230,419,570345
841,419,516932
1215,419,561268
1477,419,559580
1211,419,575556
1560,419,577093
1132,419,542067
1871,419,570341
1282,419,521817
1588,419,525822
2111,419,557892
1681,429,577596
1746,429,576512
1091,429,554916
1408,429,552754
1207,429,569168
1122,429,534622
1290,429,588610
1131,429,525330
1753,429,784550
1325,429,581446
1105,429,552752
1116,429,556424
1188,429,549944
1093,429,588470
1075,429,560316
1173,429,566364
990,429,549518
1043,429,565434
928,429,533968
1191,429,553838
1376,429,636028
1239,429,542832
1337,429,571544
1201,429,560062
1419,429,660172
964,429,557508
1408,429,659922
1185,429,616116
1063,429,568960
948,429,589884
977,429,558584
1064,429,585276
1078,429,562906
830,429,589986
1117,429,609354
817,429,514326
1086,429,564634
1088,429,565280
941,429,532670
1505,429,651676
1114,429,657552
1179,429,579754
959,429,684628
1037,429,563554
856,429,528358
892,429,554054
988,429,538716
1431,429,706962
989,429,600644
1098,429,563964
1076,429,566800
963,439,567761
1050,439,573517
1319,439,619029
1041,439,647453
1104,439,602675
1212,439,611736
959,439,562455
968,439,565778
1072,439,560468
1113,439,608506
1109,439,588314
1263,439,611738
1103,439,604664
1044,439,570865
1264,439,595163
1080,439,584776
1231,439,623007
1031,439,563570
1057,439,584995
1249,439,648473
1091,439,575279
1419,439,658647
957,439,576718
1098,439,595386
1028,439,578588
1118,439,600023
1264,439,711658
979,439,589371
1533,439,706426
1139,439,598036
1203,439,645815
1123,439,587649
1283,439,613062
1084,439,624219
1215,439,594498
1105,439,627498
1271,439,571072
1203,439,580579
1657,439,626023
1108,439,570851
1142,439,571295
1282,439,626543
1268,439,605994
1231,439,676816
1616,439,645275
1415,439,616604
1218,439,599139
1124,439,544570
1521,439,697580
1472,439,673969
1294,439,594058
1270,449,645014
1559,449,654956
1129,449,618678
1130,449,686086
1260,449,720770
1373,449,645916
1152,449,615634
1225,449,600952
1916,449,644400
2033,449,599590
1623,449,614052
1290,449,593266
1913,449,638006
1049,449,606820
1373,449,675510
1074,449,611790
1219,449,614278
1296,449,669478
1118,449,591236
1120,449,595074
1322,449,603206
1246,449,636096
1268,449,619700
1207,449,619252
1161,449,609762
849,449,590328
1292,449,626482
962,449,581966
1468,449,641396
1170,449,723064
1088,449,621512
979,449,582642
1280,449,731720
1341,449,624222
1052,449,606594
1315,449,674116
1343,449,642074
1084,449,591686
1399,449,627162
1689,449,714292
1358,449,650520
1666,449,706316
1109,449,614276
1745,449,736552
1575,449,649534
1457,449,627612
1263,449,605414
1326,449,616088
1475,449,613368
1013,449,588748
987,449,584680
1367,459,643580
1294,459,616551
1300,459,618636
1430,459,766912
1488,459,645374
1318,459,649120
1752,459,652583
1469,459,714506
1456,459,736423
1243,459,668418
1067,459,612630
1361,459,648425
1504,459,659515
1119,459,650267
1257,459,642883
1293,459,650972
1030,459,639882
1418,459,725303
1511,459,643116
1252,459,617708
1366,459,623256
1365,459,731980
1625,459,660439
1212,459,639185
1327,459,634796
1518,459,656510
1471,459,655817
1623,459,769419
1198,459,666214
1432,459,796671
1237,459,648427
1132,459,652356
1464,459,632719
1463,459,687137
1205,459,684112
1445,459,662060
1111,459,641035
1265,459,633181
1192,459,645655
1131,459,642654
1225,459,657665
1345,459,659053
1302,459,632028
1169,459,587931
1268,459,666638
1384,459,706230
1589,459,766723
1442,459,674287
1498,459,657667
1388,459,622326
1999,459,769822
1239,469,780246
1113,469,650434
1424,469,817948
1661,469,751478
1615,469,714852
1474,469,685562
1282,469,628730
1176,469,666944
1922,469,706596
1391,469,797946
1358,469,703760
1336,469,767976
1058,469,737652
1324,469,688426
1753,469,674732
1694,469,667418
1386,469,646650
2052,469,778982
1988,469,681812
1514,469,670724
1967,469,653972
1844,469,657744
1798,469,656092
2143,469,684172
1864,469,754574
1427,469,646894
1898,469,635330
1497,469,663172
1941,469,651842
1396,469,683782
2005,469,703052
1228,469,661046
1959,469,667418
1602,469,673080
1400,469,730674
1397,469,739842
1603,469,678508
1647,469,689366
1463,469,688848
1307,469,671664
1080,469,660574
958,469,638164
1201,469,780858
1541,469,711548
1304,469,672372
1729,469,718080
1533,469,682048
1279,469,677800
1366,469,694320
1685,469,718864
1191,469,660732
1290,479,681084
1404,479,720116
1538,479,720839
1749,479,731925
1425,479,678186
1270,479,686139
1565,479,735299
1153,479,720787
1430,479,703971
1673,479,726384
1089,479,662039
1060,479,677945
1288,479,740119
1298,479,765182
1548,479,724454
1253,479,702282
1235,479,809342
1152,479,655301
1210,479,700836
1274,479,705174
1875,479,828776
1104,479,694088
1034,479,678188
1158,479,682522
1484,479,713129
1478,479,739878
1337,479,745229
1362,479,785926
1234,479,707584
1429,479,682765
1070,479,675302
1092,479,771382
1531,479,726141
1068,479,682524
1210,479,714093
1558,479,714091
1199,479,681317
1566,479,813322
1293,479,693130
2184,479,876302
1307,479,716983
1650,479,742770
1252,479,710239
1416,479,726864
1157,479,690716
1205,479,750085
1655,479,757478
1123,479,702523
1592,479,824081
1952,479,829664
1404,479,676258
1107,489,723988
1214,489,744896
1292,489,748552
1054,489,738154
1066,489,733582
1442,489,795794
1066,489,730628
940,489,705298
1271,489,766792
1517,489,777614
1053,489,728908
1211,489,763594
1203,489,737024
900,489,698906
1227,489,748094
1119,489,749570
1424,489,775646
946,489,716852
1307,489,755966
1140,489,794656
1104,489,725462
1229,489,744158
1919,489,761132
1872,489,725956
2111,489,734566
1444,489,732354
1407,489,732104
1368,489,707020
1327,489,727436
1386,489,814634
1132,489,711936
2054,489,905102
1409,489,753016
1466,489,770234
1375,489,747110
1423,489,779984
1629,489,802054
1647,489,757688
1273,489,707262
1647,489,751046
1172,489,782922
1274,489,822778
1606,489,754496
1364,489,753506
959,489,702102
1156,489,728906
1006,489,721280
1495,489,841932
1087,489,735800
1001,489,718826
1106,489,785838
992,499,791729
1562,499,797184
1084,499,745735
1263,499,775855
1685,499,793921
1809,499,977230
1549,499,847303
939,499,773430
1691,499,814001
1394,499,750751
1142,499,730928
1470,499,767819
1589,499,748243
1598,499,750251
1742,499,762548
1878,499,776100
1212,499,738954
1500,499,761795
1418,499,746988
1736,499,763550
1497,499,743978
1297,499,762299
2007,499,812495
1496,499,748498
1491,499,784634
1341,499,767819
1721,499,746484
1490,499,783847
1688,499,899616
1988,499,795427
2014,499,788652
2182,499,787899
1592,499,813739
1359,499,750253
1305,499,738456
1505,499,897363
1435,499,764052
1838,499,795427
1242,499,752255
2012,499,784383
1415,499,831713
1506,499,821038
1815,499,787897
1619,499,762297
1442,499,764805
1120,499,728414
1893,499,789403
1293,499,744229
1970,499,912180
1696,499,842431
1120,499,722145
